Center,Outcome,Domain,Parameter,Display_name,Analysis_scale,Analysis_N,Events,OR,CI_low,CI_high,P_value,FDR_P,OR_95CI,P_formatted,FDR_formatted
MOVER,MACE,BP level,baseline_map,Baseline MAP,1 SD of untransformed feature,13724,327,0.820050207569166,0.73742033814283,0.911938969065945,0.000251064990806067,0.000549161929147203,0.82 (0.74-0.91),<0.001,<0.001
MOVER,MACE,BP level,mean_map,Mean MAP,1 SD of untransformed feature,13724,327,0.792653005550904,0.702690207966286,0.894133403434343,0.000156461658192708,0.000391154145481769,0.79 (0.70-0.89),<0.001,<0.001
MOVER,MACE,BP level,min_map,Minimum MAP,1 SD of untransformed feature,13724,327,0.705438523306693,0.630407427252014,0.789399820897395,1.18871435047359e-09,4.75485740189438e-09,0.71 (0.63-0.79),<0.001,<0.001
MOVER,MACE,BP level,max_map,Maximum MAP,1 SD of untransformed feature,13724,327,1.08394084802586,0.980527513167125,1.19826088125154,0.11511705140601,0.15348940187468,1.08 (0.98-1.20),0.115,0.153
MOVER,MACE,BP level,time_weighted_avg_map,Time-weighted average MAP,1 SD of untransformed feature,13724,327,0.800455875915581,0.710006195696198,0.90242819453077,0.000274580964573601,0.000549161929147203,0.80 (0.71-0.90),<0.001,<0.001
MOVER,MACE,BP level,delta_map,Mean minus baseline MAP,1 SD of untransformed feature,13724,327,1.11407113100769,1.0043180184858,1.23581819911589,0.0412082906100726,0.0633973701693425,1.11 (1.00-1.24),0.041,0.063
MOVER,MACE,BP level,max_decrease,Maximum decrease from baseline,1 SD of log1p-transformed feature,13724,327,0.987021588545255,0.892948413215158,1.09100548456841,0.798240362577795,0.840253013239784,0.99 (0.89-1.09),0.798,0.840
MOVER,MACE,BP variability / sampling,arv,Average real variability,1 SD of log1p-transformed feature,13724,327,0.773221643010221,0.684496248789647,0.873447751213547,3.53599477622375e-05,0.000101028422177821,0.77 (0.68-0.87),<0.001,<0.001
MOVER,MACE,BP variability / sampling,map_sd,MAP standard deviation,1 SD of log1p-transformed feature,13724,327,0.89101781946505,0.791248547448194,1.00336709263436,0.0568425370559785,0.0812036243656835,0.89 (0.79-1.00),0.057,0.081
MOVER,MACE,BP variability / sampling,map_cv,MAP coefficient of variation,1 SD of log1p-transformed feature,13724,327,0.967921848499625,0.860376435430483,1.08891023303558,0.587431271545085,0.691095613582452,0.97 (0.86-1.09),0.587,0.691
MOVER,MACE,BP variability / sampling,map_range,MAP range,1 SD of log1p-transformed feature,13724,327,1.20361178171204,1.0719668686004,1.35142359667093,0.00171307381373389,0.00311467966133434,1.20 (1.07-1.35),0.002,0.003
MOVER,MACE,BP variability / sampling,measurement_rate_per_min,Measurement rate,1 SD of log1p-transformed feature,13724,327,1.92428815081152,1.69199038453352,2.18847868238595,2.01692160669537e-23,4.03384321339074e-22,1.92 (1.69-2.19),<0.001,<0.001
MOVER,MACE,Hypotension burden,fraction_time_below_65,Fraction of time MAP <65,1 SD of log1p-transformed feature,13724,327,1.26897630469649,1.16026467154415,1.38787373379047,1.8576652023648e-07,6.19221734121599e-07,1.27 (1.16-1.39),<0.001,<0.001
MOVER,MACE,Hypotension burden,fraction_time_below_55,Fraction of time MAP <55,1 SD of log1p-transformed feature,13724,327,1.22793997979469,1.15225861146277,1.30859216757253,2.50557544653053e-10,1.25278772326527e-09,1.23 (1.15-1.31),<0.001,<0.001
MOVER,MACE,Hypotension burden,aut_65_per_min,Area under 65 per min,1 SD of log1p-transformed feature,13724,327,1.34132594407676,1.22738347503211,1.46584610665899,8.95869148075946e-11,8.95869148075946e-10,1.34 (1.23-1.47),<0.001,<0.001
MOVER,MACE,Hypotension burden,episodes_below_65_per_hour,Episodes MAP <65 per h,1 SD of log1p-transformed feature,13724,327,1.40190145889103,1.26367596115558,1.55524656704206,1.78513981461394e-10,1.19009320974263e-09,1.40 (1.26-1.56),<0.001,<0.001
MOVER,MACE,Hypertension burden,fraction_time_above_120,Fraction of time MAP >120,1 SD of log1p-transformed feature,13724,327,0.952658280425052,0.842975129775845,1.07661278157013,0.437079925581007,0.546349906976259,0.95 (0.84-1.08),0.437,0.546
MOVER,MACE,Hypertension burden,fraction_time_above_140,Fraction of time MAP >140,1 SD of log1p-transformed feature,13724,327,1.08257499461073,1.0064676900478,1.16443739878104,0.0328966968672235,0.0548278281120391,1.08 (1.01-1.16),0.033,0.055
MOVER,MACE,Hypertension burden,aat_120_per_min,Area above 120 per min,1 SD of log1p-transformed feature,13724,327,1.0203920895888,0.917161447964718,1.13524180372599,0.710665129020094,0.789627921133437,1.02 (0.92-1.14),0.711,0.790
MOVER,MACE,Hypertension burden,episodes_above_120_per_hour,Episodes MAP >120 per h,1 SD of log1p-transformed feature,13724,327,1.0080176800104,0.905217784315798,1.12249191390066,0.88430715951691,0.88430715951691,1.01 (0.91-1.12),0.884,0.884
MOVER,AKI,BP level,baseline_map,Baseline MAP,1 SD of untransformed feature,13724,2485,0.991334924645959,0.946632231387954,1.03814860749238,0.711623111476493,0.749076959448941,0.99 (0.95-1.04),0.712,0.749
MOVER,AKI,BP level,mean_map,Mean MAP,1 SD of untransformed feature,13724,2485,0.826075364155097,0.78639106986586,0.867762279371225,2.80994657858408e-14,8.02841879595452e-14,0.83 (0.79-0.87),<0.001,<0.001
MOVER,AKI,BP level,min_map,Minimum MAP,1 SD of untransformed feature,13724,2485,0.778146510326924,0.741581996615171,0.816513877491268,1.69563350460615e-24,1.1304223364041e-23,0.78 (0.74-0.82),<0.001,<0.001
MOVER,AKI,BP level,max_map,Maximum MAP,1 SD of untransformed feature,13724,2485,1.15897129337515,1.10643635468462,1.21400065460659,4.56004158607053e-10,9.12008317214107e-10,1.16 (1.11-1.21),<0.001,<0.001
MOVER,AKI,BP level,time_weighted_avg_map,Time-weighted average MAP,1 SD of untransformed feature,13724,2485,0.833949324379338,0.794000146925303,0.87590849740508,4.16346664025076e-13,9.25214808944613e-13,0.83 (0.79-0.88),<0.001,<0.001
MOVER,AKI,BP level,delta_map,Mean minus baseline MAP,1 SD of untransformed feature,13724,2485,0.912996256119758,0.87226891031691,0.955625213543204,9.2488562183668e-05,0.000142290095667182,0.91 (0.87-0.96),<0.001,<0.001
MOVER,AKI,BP level,max_decrease,Maximum decrease from baseline,1 SD of log1p-transformed feature,13724,2485,1.07279389883927,1.02236631860555,1.12570878797779,0.00423001289949237,0.00604287557070339,1.07 (1.02-1.13),0.004,0.006
MOVER,AKI,BP variability / sampling,arv,Average real variability,1 SD of log1p-transformed feature,13724,2485,0.825491181482218,0.784327681373303,0.868815046170194,2.00614744648965e-13,5.01536861622414e-13,0.83 (0.78-0.87),<0.001,<0.001
MOVER,AKI,BP variability / sampling,map_sd,MAP standard deviation,1 SD of log1p-transformed feature,13724,2485,1.03427869877349,0.983174186608311,1.0880395776326,0.192351628377634,0.240439535472042,1.03 (0.98-1.09),0.192,0.240
MOVER,AKI,BP variability / sampling,map_cv,MAP coefficient of variation,1 SD of log1p-transformed feature,13724,2485,1.11358405966554,1.05876569075132,1.17124068977075,2.95135770151443e-05,4.91892950252405e-05,1.11 (1.06-1.17),<0.001,<0.001
MOVER,AKI,BP variability / sampling,map_range,MAP range,1 SD of log1p-transformed feature,13724,2485,1.249577432006,1.1877765407762,1.31459386927976,7.3320239257917e-18,2.93280957031668e-17,1.25 (1.19-1.31),<0.001,<0.001
MOVER,AKI,BP variability / sampling,measurement_rate_per_min,Measurement rate,1 SD of log1p-transformed feature,13724,2485,1.4180926749331,1.34860735652088,1.49115813804163,2.74592912942095e-42,5.49185825884189e-41,1.42 (1.35-1.49),<0.001,<0.001
MOVER,AKI,Hypotension burden,fraction_time_below_65,Fraction of time MAP <65,1 SD of log1p-transformed feature,13724,2485,1.22550951953468,1.17230556005226,1.28112808950864,2.70326799438088e-19,1.35163399719044e-18,1.23 (1.17-1.28),<0.001,<0.001
MOVER,AKI,Hypotension burden,fraction_time_below_55,Fraction of time MAP <55,1 SD of log1p-transformed feature,13724,2485,1.11923638319082,1.07393393016673,1.16644985903703,9.11229541975191e-08,1.65678098540944e-07,1.12 (1.07-1.17),<0.001,<0.001
MOVER,AKI,Hypotension burden,aut_65_per_min,Area under 65 per min,1 SD of log1p-transformed feature,13724,2485,1.20540563344464,1.15324189671341,1.25992885385186,1.26498536111669e-16,4.21661787038897e-16,1.21 (1.15-1.26),<0.001,<0.001
MOVER,AKI,Hypotension burden,episodes_below_65_per_hour,Episodes MAP <65 per h,1 SD of log1p-transformed feature,13724,2485,1.29502208176268,1.2353145049972,1.35761555900838,6.97299422288436e-27,6.97299422288436e-26,1.30 (1.24-1.36),<0.001,<0.001
MOVER,AKI,Hypertension burden,fraction_time_above_120,Fraction of time MAP >120,1 SD of log1p-transformed feature,13724,2485,0.943286932688868,0.899710379493621,0.988974071725579,0.015544034573547,0.020725379431396,0.94 (0.90-0.99),0.016,0.021
MOVER,AKI,Hypertension burden,fraction_time_above_140,Fraction of time MAP >140,1 SD of log1p-transformed feature,13724,2485,1.00681750911637,0.964649446008093,1.05082887971179,0.755607396526596,0.755607396526596,1.01 (0.96-1.05),0.756,0.756
MOVER,AKI,Hypertension burden,aat_120_per_min,Area above 120 per min,1 SD of log1p-transformed feature,13724,2485,1.01201365954509,0.967456532815755,1.05862290693828,0.603179805543392,0.670199783937103,1.01 (0.97-1.06),0.603,0.670
MOVER,AKI,Hypertension burden,episodes_above_120_per_hour,Episodes MAP >120 per h,1 SD of log1p-transformed feature,13724,2485,1.0231608402332,0.977193396060634,1.07129060553102,0.328920557805527,0.38696536212415,1.02 (0.98-1.07),0.329,0.387
INSPIRE,MACE,BP level,baseline_map,Baseline MAP,1 SD of untransformed feature,83437,936,0.834754138848869,0.783794447282727,0.889027058996201,1.90867742467782e-08,3.47032259032331e-08,0.83 (0.78-0.89),<0.001,<0.001
INSPIRE,MACE,BP level,mean_map,Mean MAP,1 SD of untransformed feature,83437,936,0.600351991391096,0.557062894392196,0.647005063872557,9.93172366546959e-41,6.62114911031306e-40,0.60 (0.56-0.65),<0.001,<0.001
INSPIRE,MACE,BP level,min_map,Minimum MAP,1 SD of untransformed feature,83437,936,0.616316353104319,0.57815716698928,0.656994099168283,7.8222670785044e-50,1.56445341570088e-48,0.62 (0.58-0.66),<0.001,<0.001
INSPIRE,MACE,BP level,max_map,Maximum MAP,1 SD of untransformed feature,83437,936,0.908029820091654,0.846838279423948,0.97364298970584,0.00672043516329066,0.00865522496790889,0.91 (0.85-0.97),0.007,0.009
INSPIRE,MACE,BP level,time_weighted_avg_map,Time-weighted average MAP,1 SD of untransformed feature,83437,936,0.611846393375379,0.567759746827598,0.659356375963956,6.15200357785118e-38,2.05066785928373e-37,0.61 (0.57-0.66),<0.001,<0.001
INSPIRE,MACE,BP level,delta_map,Mean minus baseline MAP,1 SD of untransformed feature,83437,936,0.974683309728198,0.916011321275451,1.03711333276965,0.418202302521085,0.418202302521085,0.97 (0.92-1.04),0.418,0.418
INSPIRE,MACE,BP level,max_decrease,Maximum decrease from baseline,1 SD of log1p-transformed feature,83437,936,0.936612331624264,0.880243013607513,0.996591448258616,0.0386575124940322,0.0429527916600358,0.94 (0.88-1.00),0.039,0.043
INSPIRE,MACE,BP variability / sampling,arv,Average real variability,1 SD of log1p-transformed feature,83437,936,0.812842297602504,0.756941728506861,0.872871154923689,1.19631915265991e-08,2.39263830531982e-08,0.81 (0.76-0.87),<0.001,<0.001
INSPIRE,MACE,BP variability / sampling,map_sd,MAP standard deviation,1 SD of log1p-transformed feature,83437,936,0.906176746849745,0.843641727289655,0.973347180407131,0.00692417997432711,0.00865522496790889,0.91 (0.84-0.97),0.007,0.009
INSPIRE,MACE,BP variability / sampling,map_cv,MAP coefficient of variation,1 SD of log1p-transformed feature,83437,936,1.09466863789346,1.01956115303681,1.17530902704398,0.0126246033999714,0.0148524745882016,1.09 (1.02-1.18),0.013,0.015
INSPIRE,MACE,BP variability / sampling,map_range,MAP range,1 SD of log1p-transformed feature,83437,936,1.16643439074137,1.08648151898955,1.25227089842221,2.14240291094073e-05,3.29600447837036e-05,1.17 (1.09-1.25),<0.001,<0.001
INSPIRE,MACE,BP variability / sampling,measurement_rate_per_min,Measurement rate,1 SD of log1p-transformed feature,83437,936,0.71975209410368,0.679409478868257,0.762490211101522,5.47161330921112e-29,1.56331808834604e-28,0.72 (0.68-0.76),<0.001,<0.001
INSPIRE,MACE,Hypotension burden,fraction_time_below_65,Fraction of time MAP <65,1 SD of log1p-transformed feature,83437,936,1.40642063119774,1.33709649774532,1.47933899699392,6.35373485306466e-40,3.17686742653233e-39,1.41 (1.34-1.48),<0.001,<0.001
INSPIRE,MACE,Hypotension burden,fraction_time_below_55,Fraction of time MAP <55,1 SD of log1p-transformed feature,83437,936,1.21636543957758,1.1813614246295,1.25240663166464,1.76194168668655e-39,7.0477667467462e-39,1.22 (1.18-1.25),<0.001,<0.001
INSPIRE,MACE,Hypotension burden,aut_65_per_min,Area under 65 per min,1 SD of log1p-transformed feature,83437,936,1.42241783573445,1.35676957472127,1.49124253455575,2.22548067600314e-48,2.22548067600314e-47,1.42 (1.36-1.49),<0.001,<0.001
INSPIRE,MACE,Hypotension burden,episodes_below_65_per_hour,Episodes MAP <65 per h,1 SD of log1p-transformed feature,83437,936,1.30835280499294,1.22298495279054,1.39967957776343,5.84651701974766e-15,1.46162925493692e-14,1.31 (1.22-1.40),<0.001,<0.001
INSPIRE,MACE,Hypertension burden,fraction_time_above_120,Fraction of time MAP >120,1 SD of log1p-transformed feature,83437,936,0.745415075232183,0.671548442414847,0.827406631136453,3.42051093036265e-08,5.70085155060441e-08,0.75 (0.67-0.83),<0.001,<0.001
INSPIRE,MACE,Hypertension burden,fraction_time_above_140,Fraction of time MAP >140,1 SD of log1p-transformed feature,83437,936,0.965952554370595,0.893241291826078,1.04458262938963,0.3856211398486,0.405916989314316,0.97 (0.89-1.04),0.386,0.406
INSPIRE,MACE,Hypertension burden,aat_120_per_min,Area above 120 per min,1 SD of log1p-transformed feature,83437,936,0.86015565133089,0.790007544828022,0.936532504480741,0.000519042307534998,0.000741489010764283,0.86 (0.79-0.94),<0.001,<0.001
INSPIRE,MACE,Hypertension burden,episodes_above_120_per_hour,Episodes MAP >120 per h,1 SD of log1p-transformed feature,83437,936,0.732641767370292,0.67062693875073,0.800391288031717,5.41547253893854e-12,1.20343834198634e-11,0.73 (0.67-0.80),<0.001,<0.001
INSPIRE,AKI,BP level,baseline_map,Baseline MAP,1 SD of untransformed feature,83437,3915,1.07655959560483,1.04141941106814,1.11288550085706,1.31866971730649e-05,1.55137613800764e-05,1.08 (1.04-1.11),<0.001,<0.001
INSPIRE,AKI,BP level,mean_map,Mean MAP,1 SD of untransformed feature,83437,3915,0.795848629907564,0.767336624586206,0.825420058722338,1.35441566626758e-34,3.86975904647879e-34,0.80 (0.77-0.83),<0.001,<0.001
INSPIRE,AKI,BP level,min_map,Minimum MAP,1 SD of untransformed feature,83437,3915,0.729710624095946,0.705712157188905,0.754525183524593,3.67705155257024e-76,1.83852577628512e-75,0.73 (0.71-0.75),<0.001,<0.001
INSPIRE,AKI,BP level,max_map,Maximum MAP,1 SD of untransformed feature,83437,3915,1.0614120433641,1.02515594050973,1.09895039503764,0.000776335552127421,0.000817195318028864,1.06 (1.03-1.10),<0.001,<0.001
INSPIRE,AKI,BP level,time_weighted_avg_map,Time-weighted average MAP,1 SD of untransformed feature,83437,3915,0.806975568093045,0.778122954634596,0.836898029572843,7.81111493112636e-31,1.95277873278159e-30,0.81 (0.78-0.84),<0.001,<0.001
INSPIRE,AKI,BP level,delta_map,Mean minus baseline MAP,1 SD of untransformed feature,83437,3915,0.828121387394022,0.801458107585243,0.855671713554236,1.39131992801387e-29,3.09182206225304e-29,0.83 (0.80-0.86),<0.001,<0.001
INSPIRE,AKI,BP level,max_decrease,Maximum decrease from baseline,1 SD of log1p-transformed feature,83437,3915,1.20400934777317,1.15595188891755,1.25406474389055,4.12735759121159e-19,7.50428652947563e-19,1.20 (1.16-1.25),<0.001,<0.001
INSPIRE,AKI,BP variability / sampling,arv,Average real variability,1 SD of log1p-transformed feature,83437,3915,0.826483257294775,0.796066168011387,0.858062560672482,2.24747107460061e-23,4.49494214920122e-23,0.83 (0.80-0.86),<0.001,<0.001
INSPIRE,AKI,BP variability / sampling,map_sd,MAP standard deviation,1 SD of log1p-transformed feature,83437,3915,0.987806831877829,0.951756381244822,1.02522279475373,0.517783457220748,0.517783457220748,0.99 (0.95-1.03),0.518,0.518
INSPIRE,AKI,BP variability / sampling,map_cv,MAP coefficient of variation,1 SD of log1p-transformed feature,83437,3915,1.08861161557942,1.04916613310824,1.12954012922964,6.51799338695663e-06,8.14749173369579e-06,1.09 (1.05-1.13),<0.001,<0.001
INSPIRE,AKI,BP variability / sampling,map_range,MAP range,1 SD of log1p-transformed feature,83437,3915,1.27988930532272,1.23320096996905,1.32834523631667,9.93534724699662e-39,3.31178241566554e-38,1.28 (1.23-1.33),<0.001,<0.001
INSPIRE,AKI,BP variability / sampling,measurement_rate_per_min,Measurement rate,1 SD of log1p-transformed feature,83437,3915,0.659141552412948,0.638122210137194,0.680853258537956,3.252942062582e-140,6.50588412516401e-139,0.66 (0.64-0.68),<0.001,<0.001
INSPIRE,AKI,Hypotension burden,fraction_time_below_65,Fraction of time MAP <65,1 SD of log1p-transformed feature,83437,3915,1.30637249810191,1.26725950246015,1.34669268644974,1.52057431891272e-66,6.08229727565088e-66,1.31 (1.27-1.35),<0.001,<0.001
INSPIRE,AKI,Hypotension burden,fraction_time_below_55,Fraction of time MAP <55,1 SD of log1p-transformed feature,83437,3915,1.24217906753865,1.21562571856791,1.26931243084341,3.80603951812999e-86,3.80603951812999e-85,1.24 (1.22-1.27),<0.001,<0.001
INSPIRE,AKI,Hypotension burden,aut_65_per_min,Area under 65 per min,1 SD of log1p-transformed feature,83437,3915,1.3296093928891,1.2920394385282,1.36827180730081,1.60703008845175e-84,1.07135339230117e-83,1.33 (1.29-1.37),<0.001,<0.001
INSPIRE,AKI,Hypotension burden,episodes_below_65_per_hour,Episodes MAP <65 per h,1 SD of log1p-transformed feature,83437,3915,1.14139954673406,1.10205319440145,1.18215067285594,1.47539816838182e-13,2.45899694730303e-13,1.14 (1.10-1.18),<0.001,<0.001
INSPIRE,AKI,Hypertension burden,fraction_time_above_120,Fraction of time MAP >120,1 SD of log1p-transformed feature,83437,3915,0.885314133628817,0.850471290237067,0.921584448764244,2.74360906376084e-09,3.91944151965834e-09,0.89 (0.85-0.92),<0.001,<0.001
INSPIRE,AKI,Hypertension burden,fraction_time_above_140,Fraction of time MAP >140,1 SD of log1p-transformed feature,83437,3915,0.920664222539368,0.883088395753174,0.95983891843703,0.000101072778619642,0.000112303087355157,0.92 (0.88-0.96),<0.001,<0.001
INSPIRE,AKI,Hypertension burden,aat_120_per_min,Area above 120 per min,1 SD of log1p-transformed feature,83437,3915,0.910962537794865,0.876527995479755,0.946749846605244,2.10192543016028e-06,2.8025672402137e-06,0.91 (0.88-0.95),<0.001,<0.001
INSPIRE,AKI,Hypertension burden,episodes_above_120_per_hour,Episodes MAP >120 per h,1 SD of log1p-transformed feature,83437,3915,0.874860728621423,0.842265641914923,0.908717222210186,5.15639688699758e-12,7.93291828768859e-12,0.87 (0.84-0.91),<0.001,<0.001
